,FIPS Code,adult_fullvax_pct
0,1079,0.324
1,1107,0.294
2,1035,0.289
3,4021,0.34
4,1067,0.311
5,2158,
6,4015,0.255
7,1133,0.142
8,2275,0.52
9,5019,0.339
10,1039,0.228
11,1065,0.424
12,2130,0.527
13,5015,0.312
14,2070,0.47
15,12045,0.325
16,17047,0.312
17,13101,0.071
18,13313,0.116
19,12063,0.282
20,13129,0.048
21,13093,0.084
22,13293,0.279
23,13089,0.205
24,17037,0.349
25,16077,0.442
26,13111,0.142
27,18069,0.385
28,13263,0.181
29,18043,0.467
30,13289,0.023
31,13275,0.131
32,16057,0.425
33,36109,0.592
34,31055,0.499
35,35027,0.31
36,37053,0.355
37,36073,0.363
38,31163,0.358
39,37071,0.315
40,37035,0.377
41,36019,0.588
42,32011,0.232
43,36027,0.484
44,36097,0.504
45,21105,0.256
46,21153,0.359
47,22063,0.259
48,22003,0.226
49,22055,0.333
50,22081,0.252
51,22029,0.22
52,26105,0.493
53,28111,0.252
54,27037,0.476
55,27065,0.332
56,26139,0.452
57,25011,0.461
58,28027,0.305
59,29029,0.295
60,29167,0.269
61,27161,0.448
62,29021,0.289
63,28151,0.307
64,31061,0.323
65,34001,0.501
66,34025,0.482
67,37151,0.296
68,37169,0.256
69,32023,0.318
70,31097,0.418
71,33005,0.377
72,31083,0.363
73,34003,0.551
74,34009,0.59
75,31131,0.439
76,32009,0.3
77,31031,0.297
78,31185,0.412
79,31165,0.191
80,31013,0.256
81,36081,0.466
82,35023,0.336
83,35047,0.332
84,36057,0.477
85,37005,0.419
86,36045,0.511
87,36033,0.499
88,39095,0.457
89,40101,0.355
90,37177,0.332
91,37133,0.352
92,39023,0.436
93,46051,0.388
94,42115,0.325
95,45017,0.258
96,45019,0.462
97,44003,0.529
98,42091,0.441
99,45003,0.32
100,45079,0.378
101,48339,
102,48143,
103,48279,
104,48179,
105,48193,
106,48127,
107,48131,
108,48217,
109,48145,
110,48049,
111,53053,0.384
112,48427,
113,48423,
114,51035,0.067
115,48499,
116,48403,
117,54009,0.17
118,55015,0.439
119,55057,0.415
120,53045,0.397
121,56031,0.311
122,54075,0.238
123,54109,0.364
124,56013,0.461
125,54101,0.292
126,2090,0.387
127,1007,0.194
128,5001,0.401
129,51143,0.179
130,5003,0.328
131,5025,0.369
132,5005,0.333
133,2110,0.636
134,4001,0.624
135,5039,0.407
136,1105,0.345
137,5049,0.226
138,1123,0.277
139,2050,0.645
140,1019,0.224
141,1043,0.278
142,1055,0.256
143,1093,0.243
144,5047,0.342
145,5033,0.273
146,2240,0.265
147,1049,0.202
148,2170,0.308
149,4012,0.365
150,4007,0.479
151,1071,0.307
152,1047,0.285
153,1009,0.184
154,1057,0.244
155,1037,0.277
156,1041,0.251
157,2188,0.542
158,1129,0.285
159,1083,0.253
160,2195,0.681
161,2220,0.67
162,2290,0.674
163,4023,0.698
164,5013,0.242
165,1109,0.266
166,1005,0.232
167,1013,0.27
168,5051,0.315
169,1069,0.297
170,1021,0.19
171,2150,0.564
172,2198,0.439
173,1031,0.241
174,1121,0.234
175,2164,0.554
176,4011,0.388
177,1045,0.364
178,1113,0.243
179,1059,0.318
180,4003,0.405
181,1033,0.342
182,1003,0.299
183,4027,0.449
184,5045,0.347
185,1063,0.331
186,5035,0.266
187,1127,0.318
188,5055,0.306
189,1125,0.273
190,2185,0.328
191,2180,0.713
192,1085,0.302
193,1131,0.359
194,2060,0.633
195,5059,0.287
196,2282,0.713
197,1025,0.327
198,4017,0.492
199,1103,0.302
200,1015,0.294
201,5053,0.301
202,1029,0.224
203,5023,0.304
204,5063,0.247
205,1097,0.314
206,5021,0.347
207,1075,0.319
208,1099,0.275
209,2068,0.432
210,2020,0.508
211,1101,0.341
212,1051,0.27
213,4005,0.56
214,5071,0.327
215,4025,0.337
216,5057,0.174
217,2230,0.668
218,1089,0.392
219,2122,0.399
220,2105,0.622
221,5067,0.274
222,1073,0.393
223,1023,0.378
224,5031,0.298
225,5073,0.247
226,2261,
227,1077,0.333
228,5037,0.348
229,2016,0.32
230,1115,0.24
231,1091,0.367
232,5065,0.243
233,5061,0.345
234,5029,0.399
235,2013,0.321
236,2100,0.634
237,5011,0.389
238,4013,0.368
239,1027,0.269
240,5007,0.338
241,1053,0.226
242,1001,0.248
243,5017,0.395
244,5075,0.29
245,1011,0.345
246,1111,0.241
247,1117,0.231
248,5027,0.306
249,1061,0.265
250,5043,0.335
251,1081,0.298
252,4019,0.479
253,4009,0.486
254,1119,0.33
255,1095,0.283
256,5009,0.257
257,5041,0.422
258,1087,0.31
259,1017,0.209
260,6001,0.53
261,6079,0.408
262,8069,0.378
263,5069,0.257
264,5125,0.342
265,5147,0.409
266,12017,0.409
267,8075,0.166
268,13053,0.999
269,6113,0.454
270,8091,0.384
271,5085,0.314
272,6067,0.404
273,8073,0.166
274,5135,0.26
275,8001,0.274
276,6021,0.373
277,8047,0.282
278,6023,0.437
279,5123,0.325
280,8085,0.297
281,6101,0.383
282,8071,0.291
283,6075,0.543
284,5127,0.25
285,5077,0.234
286,6011,0.37
287,8077,0.286
288,8055,0.275
289,5107,0.329
290,6081,0.548
291,6083,0.491
292,6033,0.413
293,12019,0.302
294,5137,0.29
295,13081,0.089
296,5145,0.305
297,6055,0.531
298,8037,0.397
299,6017,0.415
300,8027,0.219
301,8063,0.199
302,6029,0.339
303,8093,0.236
304,6009,0.364
305,6111,0.479
306,8015,0.29
307,6071,0.347
308,8014,0.413
309,16071,0.323
310,6049,
311,6105,
312,8009,0.155
313,5119,0.41
314,8041,0.326
315,8049,0.348
316,5121,0.205
317,8051,0.32
318,8065,0.321
319,5097,0.291
320,5131,0.251
321,5133,0.313
322,6085,0.53
323,13027,0.237
324,6019,0.408
325,5083,0.297
326,5129,0.275
327,6051,
328,6109,0.424
329,5103,0.364
330,8061,0.13
331,8079,0.371
332,5105,0.373
333,8021,0.249
334,6003,
335,10001,0.363
336,6097,0.537
337,5139,0.315
338,6073,0.316
339,6095,0.413
340,5081,0.21
341,8029,0.262
342,8013,0.392
343,16017,0.343
344,5093,0.272
345,8099,0.199
346,5099,0.198
347,8011,0.084
348,5095,0.372
349,6043,
350,5089,0.24
351,8003,0.267
352,5101,0.215
353,13109,0.115
354,5141,0.311
355,8067,0.425
356,8005,0.295
357,8031,0.341
358,6103,0.277
359,5087,0.263
360,8057,0.189
361,6007,0.385
362,6035,0.261
363,6037,0.439
364,8097,0.262
365,6065,0.375
366,6061,0.458
367,6091,
368,13049,0.035
369,8081,0.18
370,5117,0.261
371,6059,0.465
372,6027,
373,6045,0.477
374,5115,0.329
375,6005,0.356
376,8043,0.207
377,6015,0.28
378,8059,0.385
379,6047,0.29
380,6107,0.37
381,13045,0.135
382,5109,0.272
383,8101,0.248
384,5079,0.226
385,6041,0.677
386,6025,0.394
387,5149,0.317
388,8095,0.235
389,8007,0.265
390,8039,0.195
391,8035,0.386
392,13257,0.031
393,8089,0.233
394,8087,0.248
395,5143,0.344
396,6089,0.336
397,8017,0.126
398,6069,0.385
399,5113,0.238
400,8033,0.206
401,6039,0.368
402,8053,0.274
403,6093,0.385
404,8045,0.259
405,8083,0.358
406,6063,
407,13051,0.356
408,13013,0.085
409,12113,0.319
410,6115,0.293
411,13107,0.181
412,12125,0.195
413,6031,0.259
414,13075,0.284
415,6077,0.342
416,13059,0.152
417,8107,0.432
418,13021,0.158
419,17073,0.436
420,17119,0.424
421,17055,0.296
422,8113,0.514
423,17185,0.38
424,13079,0.104
425,13001,0.051
426,18021,0.407
427,9013,0.494
428,12067,0.225
429,13055,0.042
430,13231,0.057
431,13243,0.046
432,11001,0.391
433,12041,0.224
434,13057,0.207
435,13091,0.026
436,12121,0.253
437,8121,0.154
438,10003,0.444
439,12005,0.311
440,6099,0.34
441,13105,0.112
442,5111,0.286
443,12097,0.367
444,12083,0.381
445,13191,0.283
446,12129,0.308
447,18075,0.322
448,17131,0.462
449,12059,0.193
450,16049,0.238
451,13201,0.074
452,17063,0.376
453,13321,0.078
454,12075,0.289
455,16007,0.378
456,6013,0.586
457,12105,0.319
458,9001,0.545
459,12086,0.425
460,12001,0.427
461,12007,0.208
462,12009,0.401
463,17125,0.384
464,13023,0.023
465,12003,0.198
466,13145,0.133
467,12127,0.379
468,13031,0.196
469,12131,0.308
470,6087,0.503
471,17089,0.4
472,18053,0.333
473,13025,0.057
474,13127,0.395
475,17203,0.413
476,17189,0.428
477,13167,0.036
478,12021,0.476
479,12093,0.282
480,18005,0.411
481,13003,0.036
482,6053,0.468
483,13067,0.274
484,13039,0.334
485,10005,0.504
486,9009,0.537
487,9005,0.54
488,13015,0.067
489,12031,0.391
490,8019,0.21
491,18071,0.354
492,13233,0.044
493,12085,0.447
494,12047,0.223
495,12115,0.503
496,8109,0.146
497,13029,0.268
498,16037,0.371
499,12055,0.345
500,8023,0.299
501,12065,0.436
502,17023,0.332
503,16027,0.304
504,9003,0.543
505,8103,0.139
506,12109,0.524
507,12061,0.449
508,17171,0.325
509,12069,0.462
510,8105,0.34
511,13077,0.175
512,16079,0.36
513,8119,0.219
514,18031,0.393
515,5091,0.089
516,13305,0.236
517,13047,0.065
518,12077,0.192
519,13005,0.044
520,13071,0.09
521,13165,0.13
522,13097,0.162
523,17117,0.389
524,12099,0.421
525,12095,0.389
526,13099,0.064
527,17133,0.476
528,8025,0.087
529,9011,0.569
530,12033,0.348
531,8125,0.201
532,12081,0.405
533,17105,0.318
534,13087,0.259
535,17019,0.442
536,12107,0.243
537,13125,0.062
538,13063,0.084
539,6057,0.421
540,12051,0.269
541,8123,0.28
542,13085,0.033
543,12039,0.389
544,12073,0.389
545,13211,0.148
546,17093,0.423
547,12053,0.354
548,16063,0.287
549,12087,0.461
550,13037,0.08
551,13117,0.125
552,13069,0.191
553,8115,0.218
554,13261,0.284
555,17017,0.447
556,13295,0.135
557,13209,0.126
558,16055,0.35
559,12011,0.409
560,13301,0.056
561,13283,0.044
562,13271,0.098
563,17109,0.342
564,15003,
565,13143,0.068
566,13163,0.181
567,19067,0.451
568,13149,0.053
569,13035,0.048
570,17025,0.306
571,12023,0.262
572,13183,0.019
573,13061,0.152
574,13185,0.192
575,12057,0.373
576,16045,0.302
577,12133,0.189
578,13159,0.092
579,16013,0.614
580,13131,0.063
581,12035,0.44
582,13139,0.185
583,12101,0.372
584,13161,0.032
585,13141,0.03
586,13281,0.036
587,16005,0.394
588,9015,0.44
589,13007,0.233
590,12103,0.435
591,17007,0.37
592,13133,0.34
593,15009,
594,13113,0.242
595,16061,0.37
596,13225,0.037
597,8117,0.48
598,16025,0.35
599,13123,0.057
600,16051,0.311
601,12119,0.64
602,13153,0.271
603,12027,0.256
604,12091,0.355
605,16073,0.224
606,20067,0.394
607,13171,0.052
608,18023,0.353
609,13223,0.104
610,15005,
611,13175,0.137
612,12049,0.233
613,16035,0.313
614,13011,0.063
615,13095,0.111
616,16053,0.295
617,16065,0.257
618,13205,0.076
619,17101,0.271
620,13157,0.162
621,13195,0.135
622,18013,0.369
623,16029,0.302
624,13083,0.097
625,13311,0.035
626,13317,0.079
627,16023,0.347
628,12037,0.326
629,12071,0.41
630,13119,0.047
631,13197,0.057
632,16069,0.381
633,13019,0.116
634,15001,
635,13189,0.08
636,16081,0.488
637,13303,0.06
638,13137,0.089
639,16019,0.388
640,13265,0.085
641,16041,0.335
642,16085,0.494
643,13065,0.231
644,12117,0.383
645,12043,0.181
646,17173,0.302
647,13217,0.064
648,13187,0.022
649,13017,0.045
650,16003,0.338
651,13115,0.074
652,13135,0.187
653,13227,0.068
654,17199,0.383
655,13269,0.197
656,13169,0.147
657,16075,0.247
658,13151,0.108
659,13215,0.247
660,13033,0.285
661,12111,0.36
662,12123,0.242
663,12029,0.222
664,18077,0.424
665,13237,0.043
666,13173,0.061
667,16067,0.276
668,13267,0.042
669,13239,0.071
670,12015,0.488
671,17081,0.311
672,13103,0.157
673,17045,0.322
674,12089,0.431
675,13073,0.19
676,16011,0.366
677,13259,0.106
678,13219,0.205
679,13009,0.033
680,16083,0.339
681,13279,0.078
682,12079,0.284
683,16047,0.298
684,13229,0.19
685,13309,0.034
686,13241,0.188
687,18025,0.287
688,17193,0.364
689,18041,0.312
690,17135,0.345
691,18059,0.497
692,18047,0.244
693,16043,0.317
694,17145,0.302
695,13043,0.084
696,18001,0.324
697,17151,0.217
698,51013,0.291
699,13207,0.039
700,50025,0.398
701,13251,0.264
702,17143,0.449
703,13179,0.292
704,18017,0.319
705,18003,0.378
706,13247,0.048
707,48455,
708,16031,0.244
709,13177,0.064
710,17021,0.334
711,48087,
712,17169,0.463
713,18079,0.288
714,17115,0.365
715,17051,0.232
716,17077,0.375
717,17175,0.402
718,16087,0.307
719,13213,0.044
720,17057,0.407
721,8111,0.267
722,18011,0.533
723,17071,0.365
724,18061,0.407
725,18045,0.367
726,17069,0.3
727,17177,0.447
728,13121,0.197
729,48325,
730,18009,0.349
731,9007,0.62
732,18039,0.302
733,48099,
734,17001,0.444
735,18027,0.278
736,17049,0.338
737,13297,0.141
738,17035,0.284
739,18035,0.357
740,17167,0.491
741,17127,0.286
742,17147,0.406
743,17079,0.282
744,13253,0.027
745,18089,0.374
746,48135,
747,17085,0.656
748,13307,0.09
749,17015,0.45
750,17083,0.428
751,13273,0.09
752,48479,
753,48109,
754,17107,0.356
755,48089,
756,18087,0.22
757,16015,0.25
758,13249,0.1
759,50007,0.466
760,16039,0.299
761,13155,0.055
762,13181,0.105
763,17061,0.335
764,12013,0.21
765,18073,0.309
766,18055,0.301
767,51041,0.25
768,17097,0.433
769,17129,0.433
770,18085,0.298
771,17059,0.41
772,13235,0.044
773,48175,
774,17165,0.36
775,17191,0.331
776,17201,0.408
777,18067,0.346
778,17031,0.434
779,16059,0.386
780,16009,0.372
781,17121,0.324
782,16033,0.273
783,13255,0.05
784,48453,
785,17091,0.314
786,18015,0.251
787,17153,0.277
788,48191,
789,17123,0.416
790,13287,0.09
791,17039,0.346
792,17149,0.32
793,17183,0.297
794,13291,0.054
795,17003,0.221
796,48119,
797,13315,0.046
798,17067,0.376
799,17195,0.389
800,48337,
801,17041,0.334
802,13221,0.203
803,17075,0.356
804,48275,
805,13245,0.231
806,18007,0.292
807,17065,0.297
808,17187,0.372
809,13193,0.08
810,18033,0.315
811,17027,0.422
812,17095,0.41
813,18029,0.369
814,17053,0.399
815,48163,
816,13277,0.131
817,48285,
818,17163,0.434
819,16021,0.268
820,15007,
821,17139,0.344
822,13285,0.123
823,17137,0.39
824,17157,0.336
825,17111,0.389
826,17161,0.42
827,48203,
828,13199,0.146
829,17155,0.429
830,17011,0.384
831,17197,0.402
832,17033,0.376
833,17013,0.481
834,17005,0.389
835,13147,0.208
836,18115,0.565
837,18159,0.312
838,19049,0.494
839,18051,0.372
840,19141,0.471
841,18095,0.376
842,17103,0.37
843,18173,0.513
844,18065,0.376
845,19001,0.434
846,18091,0.394
847,20157,0.458
848,20169,0.368
849,21013,0.348
850,20033,0.434
851,19137,0.496
852,17181,0.417
853,19109,0.477
854,19155,0.429
855,17043,0.482
856,19035,0.488
857,19039,0.457
858,18167,0.381
859,19009,0.545
860,21031,0.357
861,18129,0.393
862,19115,0.428
863,19081,0.433
864,19031,0.508
865,19189,0.466
866,19147,0.471
867,18125,0.456
868,19077,0.491
869,19127,0.473
870,18019,0.476
871,19129,0.442
872,13319,0.111
873,19119,0.4
874,19073,0.496
875,19059,0.521
876,18097,0.352
877,21025,0.355
878,21083,0.315
879,19029,0.523
880,17159,0.37
881,19089,0.448
882,20041,0.432
883,19139,0.488
884,18183,0.362
885,19125,0.443
886,17113,0.401
887,18143,0.319
888,19121,0.433
889,20009,0.345
890,18139,0.394
891,19113,0.519
892,19019,0.482
893,17099,0.341
894,19051,0.347
895,21045,0.244
896,18161,0.37
897,19069,0.462
898,18105,0.387
899,18147,0.36
900,17009,0.254
901,20203,0.455
902,20087,0.447
903,19037,0.49
904,20049,0.282
905,18107,0.325
906,18049,0.311
907,19117,0.384
908,18083,0.426
909,21007,0.241
910,19027,0.578
911,19021,0.527
912,20207,0.315
913,19097,0.464
914,18063,0.509
915,19191,0.502
916,19055,0.476
917,19045,0.428
918,19003,0.462
919,19151,0.452
920,19025,0.501
921,18151,0.403
922,17029,0.317
923,20061,0.368
924,19169,0.434
925,18165,0.35
926,18163,0.455
927,19159,0.475
928,18157,0.389
929,19023,0.51
930,19005,0.477
931,19033,0.508
932,18037,0.441
933,19183,0.485
934,20069,0.344
935,18093,0.347
936,20007,0.437
937,18113,0.298
938,19197,0.513
939,19161,0.483
940,17179,0.432
941,19157,0.473
942,19103,0.592
943,19123,0.357
944,17087,0.268
945,19101,0.363
946,21085,0.362
947,18081,0.39
948,19017,0.515
949,19195,0.431
950,20113,0.456
951,18123,0.418
952,20003,0.362
953,19071,0.448
954,20173,0.377
955,20149,0.328
956,19099,0.427
957,19181,0.456
958,19041,0.475
959,20139,0.393
960,16001,0.476
961,19053,0.352
962,18133,0.299
963,18149,0.272
964,18101,0.368
965,20131,0.487
966,19185,0.377
967,20121,0.386
968,18177,0.396
969,17141,0.401
970,18179,0.343
971,18057,0.523
972,19043,0.46
973,19095,0.544
974,19105,0.455
975,18155,0.242
976,18145,0.416
977,19179,0.394
978,13299,0.158
979,18117,0.458
980,18141,0.457
981,19093,0.45
982,19173,0.439
983,19075,0.532
984,19175,0.434
985,18137,0.375
986,18153,0.325
987,19079,0.509
988,19091,0.455
989,18103,0.285
990,19111,0.399
991,21003,0.329
992,21049,0.409
993,18111,0.217
994,36075,0.441
995,20143,0.345
996,21029,0.331
997,18131,0.364
998,21015,0.442
999,20107,0.279
1000,21091,0.484
1001,20191,0.347
1002,21061,0.288
1003,20079,0.375
1004,20153,0.354
1005,19107,0.409
1006,21035,0.329
1007,20015,0.361
1008,19145,0.441
1009,20093,0.452
1010,19047,0.473
1011,20011,0.3
1012,21041,0.369
1013,20045,0.452
1014,20181,0.353
1015,21021,0.455
1016,19177,0.364
1017,20037,0.371
1018,19085,0.449
1019,21001,0.278
1020,20163,0.415
1021,20111,0.443
1022,19013,0.485
1023,19011,0.487
1024,20161,0.302
1025,19143,0.427
1026,20193,0.341
1027,18099,0.338
1028,21033,0.396
1029,21019,0.339
1030,18121,0.284
1031,20019,0.369
1032,20209,0.366
1033,20059,0.364
1034,20185,0.387
1035,20123,0.5
1036,18127,0.382
1037,20171,0.389
1038,19187,0.459
1039,20043,0.338
1040,21017,0.433
1041,20025,0.441
1042,18109,0.367
1043,19057,0.413
1044,19015,0.493
1045,20141,0.372
1046,19153,0.476
1047,19193,0.47
1048,21011,0.418
1049,18171,0.354
1050,19133,0.482
1051,20125,0.345
1052,19171,0.528
1053,20103,0.47
1054,18169,0.333
1055,20159,0.35
1056,30111,0.415
1057,20155,0.403
1058,20177,0.485
1059,20129,0.271
1060,20133,0.195
1061,18175,0.309
1062,18181,0.395
1063,20105,0.392
1064,20085,0.51
1065,21093,0.42
1066,21073,0.591
1067,20175,0.299
1068,20109,0.437
1069,21087,0.323
1070,20005,0.344
1071,21077,0.3
1072,19167,0.387
1073,20013,0.503
1074,21099,0.265
1075,20017,0.383
1076,37047,0.307
1077,19065,0.481
1078,20145,0.43
1079,37067,0.436
1080,37107,0.367
1081,19061,0.58
1082,20205,0.375
1083,19083,0.469
1084,19131,0.441
1085,20077,0.419
1086,21089,0.333
1087,19135,0.412
1088,20063,0.462
1089,21095,0.342
1090,20083,0.419
1091,19163,0.486
1092,19087,0.398
1093,37075,0.351
1094,21075,0.346
1095,20091,0.553
1096,19165,0.555
1097,18135,0.363
1098,20035,0.389
1099,20053,0.439
1100,31183,0.246
1101,20021,0.333
1102,20001,0.357
1103,20057,0.325
1104,19007,0.414
1105,37017,0.251
1106,19063,0.449
1107,20099,0.383
1108,18119,0.296
1109,20135,0.427
1110,21063,0.254
1111,21047,0.227
1112,20075,0.296
1113,20065,0.726
1114,36079,0.505
1115,19149,0.487
1116,36113,0.588
1117,31141,0.335
1118,20197,0.383
1119,21067,0.546
1120,20179,0.343
1121,21069,0.383
1122,20027,0.469
1123,21209,0.498
1124,22115,0.218
1125,21125,0.293
1126,21051,0.289
1127,22095,0.399
1128,20127,0.45
1129,20151,0.416
1130,21237,0.407
1131,21199,0.343
1132,21071,0.408
1133,20183,0.412
1134,20195,0.332
1135,20023,0.36
1136,22091,0.196
1137,21005,0.444
1138,20031,0.406
1139,21229,0.397
1140,22077,0.391
1141,21177,0.381
1142,22075,0.435
1143,20051,0.41
1144,21109,0.245
1145,21181,0.435
1146,21231,0.282
1147,23015,0.561
1148,20189,0.253
1149,22125,0.571
1150,21115,0.334
1151,22021,0.273
1152,20117,0.576
1153,20115,0.404
1154,22047,0.352
1155,21037,0.457
1156,21169,0.306
1157,21053,0.292
1158,22093,0.347
1159,22073,0.325
1160,22079,0.337
1161,20147,0.384
1162,21141,0.388
1163,21135,0.233
1164,21145,0.414
1165,20201,0.456
1166,22027,0.274
1167,22089,0.407
1168,21101,0.343
1169,21201,0.312
1170,22033,0.407
1171,23013,0.582
1172,21213,0.37
1173,20097,0.405
1174,21137,0.311
1175,21081,0.346
1176,21149,0.402
1177,22013,0.337
1178,22085,0.245
1179,21157,0.421
1180,20029,0.393
1181,21039,0.29
1182,20119,0.338
1183,22071,0.502
1184,20073,0.441
1185,22099,0.249
1186,20081,0.334
1187,22111,0.33
1188,20137,0.401
1189,21027,0.334
1190,21221,0.361
1191,21143,0.456
1192,21065,0.363
1193,21235,0.353
1194,20089,0.408
1195,23017,0.434
1196,23019,0.498
1197,21239,0.593
1198,21227,0.347
1199,22061,0.318
1200,22097,0.284
1201,21139,0.372
1202,20095,0.403
1203,20101,0.375
1204,21131,0.378
1205,21175,0.382
1206,22113,0.241
1207,22019,0.284
1208,21167,0.402
1209,21173,0.367
1210,21195,0.412
1211,22109,0.31
1212,21097,0.388
1213,23009,0.553
1214,20047,0.413
1215,21103,0.422
1216,21187,0.29
1217,21117,0.446
1218,21197,0.383
1219,21123,0.328
1220,20199,0.325
1221,21171,0.373
1222,22067,0.329
1223,22121,0.356
1224,20165,0.426
1225,22031,0.284
1226,20187,0.412
1227,21055,0.294
1228,23011,0.476
1229,22009,0.263
1230,21079,0.364
1231,21163,0.285
1232,21193,0.465
1233,23025,0.425
1234,21057,0.34
1235,21023,0.385
1236,22053,0.235
1237,23007,0.439
1238,21161,0.414
1239,21059,0.425
1240,20055,0.289
1241,22007,0.282
1242,21183,0.313
1243,21223,0.302
1244,21111,0.493
1245,20071,0.492
1246,22083,0.334
1247,21009,0.356
1248,22035,0.338
1249,20167,0.357
1250,21219,0.281
1251,20039,0.334
1252,22101,0.31
1253,22041,0.276
1254,22069,0.288
1255,21165,0.325
1256,21233,0.331
1257,22049,0.268
1258,21043,0.326
1259,21127,0.329
1260,21151,0.378
1261,22103,0.423
1262,22127,0.284
1263,21179,0.424
1264,23001,0.456
1265,22011,0.21
1266,27007,0.478
1267,21107,0.396
1268,24025,0.477
1269,22017,0.343
1270,26159,0.419
1271,22107,0.432
1272,26069,0.438
1273,24047,0.527
1274,21147,0.311
1275,21113,0.421
1276,21205,0.389
1277,22105,0.306
1278,22039,0.248
1279,27121,0.493
1280,26037,0.445
1281,21155,0.399
1282,24023,0.37
1283,28011,0.399
1284,28149,0.377
1285,26045,0.418
1286,26005,0.403
1287,21133,0.418
1288,24041,0.576
1289,28101,0.343
1290,26101,0.48
1291,27033,0.5
1292,26147,0.378
1293,21119,0.355
1294,26001,0.47
1295,24043,0.392
1296,21159,0.374
1297,21191,0.327
1298,24019,0.438
1299,21211,0.359
1300,28139,0.269
1301,23021,0.459
1302,27053,0.522
1303,26027,0.316
1304,25025,0.461
1305,22001,0.322
1306,29019,0.481
1307,27043,0.46
1308,25027,0.441
1309,26151,0.359
1310,26015,0.369
1311,26125,0.492
1312,22065,0.243
1313,28013,0.262
1314,22005,0.345
1315,27103,0.496
1316,26095,0.347
1317,27165,0.475
1318,26119,0.447
1319,26163,0.381
1320,49001,0.3
1321,25001,0.04
1322,21185,0.484
1323,27017,0.541
1324,27011,0.609
1325,26007,0.454
1326,27047,0.472
1327,27035,0.468
1328,25021,0.534
1329,23029,0.556
1330,23005,0.586
1331,23003,0.522
1332,27067,0.425
1333,26127,0.422
1334,26073,0.314
1335,22123,0.339
1336,26003,0.496
1337,22119,0.302
1338,23023,0.546
1339,27045,0.582
1340,27073,0.532
1341,21207,0.365
1342,26033,0.595
1343,22051,0.46
1344,27131,0.48
1345,26087,0.328
1346,26115,0.318
1347,24013,0.509
1348,27031,0.695
1349,27039,0.481
1350,27061,0.467
1351,26131,0.568
1352,21129,0.332
1353,24015,0.389
1354,21203,0.283
1355,27005,0.486
1356,24021,0.498
1357,25007,0.029
1358,26149,0.357
1359,29011,0.239
1360,26161,0.521
1361,21189,0.345
1362,22117,0.284
1363,27021,0.423
1364,25019,0.008
1365,26011,0.408
1366,26107,0.318
1367,28037,0.321
1368,26133,0.327
1369,23027,0.485
1370,26135,0.351
1371,24045,0.416
1372,26075,0.399
1373,23031,0.525
1374,22059,0.228
1375,28119,0.292
1376,21217,0.369
1377,22057,0.296
1378,27023,0.443
1379,26043,0.513
1380,22023,0.117
1381,26009,0.484
1382,28085,0.26
1383,27147,0.458
1384,22043,0.274
1385,21215,0.18
1386,27063,0.437
1387,26053,0.508
1388,26013,0.45
1389,22087,0.335
1390,21225,0.267
1391,26121,0.434
1392,25005,0.408
1393,26079,0.387
1394,27013,0.45
1395,26165,0.407
1396,26083,0.452
1397,27123,0.483
1398,24027,0.597
1399,24001,0.389
1400,22045,0.304
1401,26035,0.371
1402,22037,0.27
1403,28129,0.216
1404,21121,0.275
1405,26023,0.372
1406,22025,0.259
1407,26071,0.475
1408,24011,0.445
1409,27083,0.479
1410,26031,0.416
1411,26063,0.467
1412,26113,0.406
1413,27009,0.284
1414,25015,0.417
1415,27089,0.376
1416,26153,0.413
1417,26047,0.614
1418,26109,0.498
1419,27059,0.276
1420,24017,0.413
1421,26141,0.519
1422,26143,0.427
1423,27055,0.377
1424,22015,0.316
1425,26019,0.534
1426,27025,0.4
1427,26117,0.316
1428,27003,0.382
1429,41031,0.449
1430,27071,0.469
1431,27137,0.541
1432,27093,0.401
1433,24035,0.479
1434,28061,0.314
1435,27169,0.487
1436,27051,0.491
1437,28133,0.34
1438,28051,0.365
1439,27133,0.481
1440,26025,0.388
1441,28041,0.193
1442,27117,0.491
1443,29025,0.267
1444,26091,0.373
1445,28105,0.339
1446,26039,0.379
1447,28073,0.395
1448,28069,0.249
1449,27145,0.41
1450,28083,0.395
1451,26099,0.414
1452,25009,0.511
1453,27173,0.507
1454,27015,0.553
1455,28123,0.314
1456,27027,0.311
1457,28021,0.33
1458,26145,0.434
1459,27075,0.556
1460,26097,0.583
1461,28109,0.28
1462,27109,0.631
1463,28049,0.383
1464,28067,0.284
1465,28163,0.268
1466,27111,0.417
1467,26041,0.513
1468,28039,0.266
1469,26155,0.376
1470,24033,0.418
1471,28103,0.385
1472,28161,0.419
1473,28009,0.286
1474,26157,0.359
1475,28075,0.33
1476,25013,0.389
1477,26049,0.369
1478,27069,0.496
1479,29207,0.273
1480,26085,0.354
1481,27127,0.436
1482,26129,0.358
1483,26055,0.556
1484,27057,0.398
1485,28157,0.428
1486,25003,0.36
1487,28127,0.298
1488,26077,0.488
1489,28113,0.326
1490,28047,0.35
1491,41059,0.361
1492,28043,0.319
1493,29027,0.33
1494,28035,0.256
1495,28017,0.318
1496,27157,0.602
1497,28003,0.257
1498,28095,0.323
1499,29007,0.281
1500,29003,0.295
1501,27143,0.372
1502,26123,0.343
1503,24009,0.459
1504,28071,0.394
1505,30075,0.153
1506,27101,0.462
1507,29023,0.237
1508,25017,0.524
1509,28147,0.247
1510,27159,0.429
1511,28023,0.339
1512,40133,0.392
1513,28057,0.25
1514,26067,0.372
1515,27085,0.43
1516,26059,0.308
1517,39027,0.361
1518,27001,0.507
1519,24510,0.401
1520,28029,0.338
1521,26065,0.422
1522,26051,0.398
1523,24031,0.598
1524,28131,0.283
1525,26021,0.426
1526,27155,0.52
1527,25023,0.478
1528,28089,0.462
1529,26093,0.436
1530,27041,0.484
1531,28059,0.293
1532,27163,0.489
1533,27151,0.507
1534,24029,0.514
1535,26029,0.548
1536,28005,0.248
1537,26111,0.476
1538,27095,0.438
1539,28053,0.338
1540,24003,0.502
1541,28137,0.249
1542,27113,0.412
1543,39165,0.513
1544,28055,0.152
1545,28031,0.326
1546,24005,0.486
1547,26137,0.493
1548,28159,0.316
1549,28107,0.295
1550,27077,0.451
1551,28153,0.229
1552,39167,0.433
1553,26061,0.389
1554,27139,0.462
1555,27091,0.485
1556,27171,0.383
1557,28063,0.419
1558,28115,0.298
1559,30037,0.366
1560,29065,0.21
1561,29049,0.308
1562,27105,0.54
1563,29111,0.271
1564,28143,0.288
1565,27019,0.471
1566,29057,0.33
1567,27119,0.354
1568,29205,0.401
1569,30053,0.272
1570,27129,0.464
1571,26103,0.529
1572,29013,0.29
1573,27049,0.53
1574,29219,0.295
1575,28087,0.334
1576,30003,0.665
1577,30041,0.463
1578,26057,0.354
1579,28117,0.295
1580,28141,0.279
1581,27087,0.623
1582,29149,0.208
1583,31121,0.347
1584,29181,0.201
1585,27097,0.38
1586,29053,0.326
1587,29217,0.267
1588,30007,0.253
1589,29031,0.366
1590,29165,0.401
1591,29115,0.362
1592,29109,0.26
1593,29203,0.187
1594,29209,0.277
1595,27125,0.467
1596,29137,0.366
1597,28081,0.301
1598,29183,0.436
1599,30031,0.408
1600,28121,0.346
1601,30081,0.384
1602,29017,0.241
1603,28001,0.324
1604,29069,0.203
1605,28093,0.279
1606,30023,0.466
1607,29009,0.311
1608,29199,0.238
1609,29087,0.348
1610,30065,0.281
1611,26081,0.49
1612,29125,0.276
1613,29093,0.262
1614,30091,0.431
1615,29081,0.283
1616,30077,0.329
1617,29186,0.338
1618,27141,0.297
1619,29211,0.316
1620,28015,0.23
1621,29171,0.263
1622,29223,0.263
1623,30017,0.333
1624,29179,0.151
1625,27167,0.272
1626,28077,0.394
1627,26017,0.456
1628,28091,0.262
1629,29041,0.292
1630,28125,0.37
1631,27135,0.397
1632,28155,0.333
1633,29141,0.297
1634,29071,0.386
1635,28097,0.331
1636,30073,0.428
1637,24039,0.299
1638,28079,0.295
1639,30051,0.305
1640,28007,0.347
1641,30035,0.749
1642,29101,0.285
1643,29067,0.157
1644,29163,0.263
1645,27115,0.356
1646,28135,0.242
1647,30015,0.265
1648,29059,0.242
1649,29161,0.317
1650,29155,0.181
1651,29135,0.285
1652,29077,0.352
1653,29159,0.334
1654,29039,0.248
1655,27149,0.476
1656,30067,0.436
1657,28025,0.291
1658,29147,0.35
1659,30057,0.334
1660,28065,0.274
1661,27153,0.353
1662,29185,0.238
1663,28145,0.265
1664,29121,0.307
1665,27079,0.373
1666,29103,0.333
1667,29005,0.465
1668,29113,0.264
1669,29001,0.358
1670,30059,0.442
1671,29089,0.351
1672,27029,0.39
1673,29033,0.376
1674,30029,0.29
1675,29091,0.187
1676,29015,0.364
1677,27107,0.511
1678,30005,0.717
1679,29129,0.281
1680,29123,0.258
1681,27081,0.442
1682,28045,0.252
1683,30093,0.512
1684,30009,0.398
1685,30027,0.342
1686,30079,0.348
1687,24037,0.439
1688,29127,0.352
1689,29063,0.205
1690,29107,0.35
1691,28033,0.298
1692,28019,0.227
1693,29051,0.399
1694,29085,0.28
1695,29043,0.331
1696,29037,0.362
1697,29169,0.276
1698,26089,0.679
1699,29157,0.291
1700,30001,0.438
1701,29187,0.285
1702,27099,0.521
1703,29073,0.404
1704,30033,0.19
1705,29197,0.22
1706,30013,0.419
1707,29099,0.285
1708,31057,0.304
1709,31153,0.369
1710,30085,0.44
1711,39081,0.394
1712,30019,0.354
1713,32033,0.421
1714,29195,0.376
1715,31109,0.524
1716,31047,0.341
1717,29095,0.39
1718,29143,0.241
1719,29145,0.174
1720,30039,0.28
1721,31127,0.42
1722,29153,0.192
1723,31087,0.273
1724,31041,0.324
1725,30011,0.254
1726,29213,0.273
1727,38087,0.099
1728,30025,0.289
1729,31143,0.327
1730,37139,0.328
1731,31019,0.305
1732,39007,0.378
1733,31157,0.298
1734,31105,0.289
1735,32510,0.456
1736,31091,0.373
1737,34011,0.341
1738,30105,0.374
1739,29045,0.208
1740,29035,0.225
1741,31169,0.366
1742,31003,0.336
1743,38049,0.374
1744,34041,0.476
1745,29055,0.229
1746,30071,0.364
1747,30047,0.489
1748,37121,0.334
1749,29047,0.377
1750,29133,0.311
1751,31069,0.401
1752,31017,0.321
1753,33013,0.433
1754,37159,0.291
1755,29117,0.334
1756,37195,0.348
1757,29131,0.227
1758,34033,0.395
1759,34017,0.446
1760,31181,0.339
1761,30021,0.331
1762,29151,0.297
1763,30049,0.49
1764,33011,0.333
1765,29175,0.222
1766,31067,0.317
1767,29227,0.345
1768,29229,0.247
1769,29119,0.184
1770,38023,0.382
1771,34021,0.43
1772,29139,0.356
1773,30083,0.277
1774,29510,0.341
1775,30101,0.378
1776,29189,0.422
1777,31113,0.14
1778,34023,0.451
1779,29225,0.314
1780,30087,0.659
1781,31005,0.15
1782,37131,0.351
1783,31125,0.247
1784,31037,0.296
1785,31089,0.367
1786,30097,0.348
1787,31137,0.331
1788,29215,0.196
1789,29061,0.247
1790,31167,0.226
1791,38097,0.448
1792,31115,0.213
1793,29075,0.373
1794,38067,0.465
1795,29221,0.214
1796,38003,0.505
1797,30089,0.306
1798,37185,0.25
1799,30045,0.286
1800,34019,0.476
1801,30043,0.389
1802,30063,0.513
1803,34039,0.435
1804,32001,0.322
1805,29079,0.289
1806,33003,0.463
1807,39035,0.489
1808,32031,0.441
1809,30069,0.277
1810,29083,0.33
1811,33019,0.386
1812,32013,0.331
1813,31027,0.395
1814,30061,0.421
1815,29097,0.321
1816,30095,0.365
1817,31023,0.445
1818,31155,0.415
1819,32007,0.292
1820,28099,0.265
1821,33017,0.35
1822,29177,0.274
1823,31123,0.294
1824,29201,0.357
1825,30109,0.224
1826,30055,0.142
1827,34031,0.425
1828,31001,0.327
1829,32027,0.234
1830,31025,0.409
1831,31063,0.198
1832,29173,0.234
1833,29105,0.252
1834,31053,0.413
1835,31011,0.476
1836,31065,0.357
1837,31015,0.283
1838,31029,0.229
1839,31095,0.417
1840,34015,0.482
1841,36089,0.493
1842,31103,0.247
1843,36077,0.446
1844,38015,0.413
1845,37099,0.406
1846,30103,0.393
1847,31173,0.628
1848,34029,0.425
1849,37111,0.372
1850,38025,0.192
1851,37115,0.369
1852,31117,0.101
1853,31051,0.399
1854,36117,0.463
1855,35053,0.449
1856,31049,0.241
1857,37105,0.39
1858,35033,0.365
1859,31033,0.356
1860,30107,0.274
1861,36031,0.577
1862,37081,0.432
1863,36003,0.332
1864,31139,0.347
1865,36067,0.584
1866,36021,0.532
1867,37037,0.446
1868,36035,0.383
1869,35049,0.469
1870,36061,0.536
1871,36049,0.412
1872,35017,0.459
1873,33009,0.454
1874,35039,0.511
1875,39025,0.435
1876,36083,0.524
1877,31043,0.523
1878,36005,0.37
1879,35043,0.518
1880,31081,0.38
1881,31179,0.337
1882,36017,0.446
1883,39017,0.416
1884,35055,0.456
1885,31159,0.392
1886,36119,0.545
1887,31133,0.39
1888,35019,0.158
1889,31039,0.443
1890,37119,0.386
1891,37041,0.362
1892,33015,0.384
1893,36107,0.457
1894,37051,0.437
1895,35009,0.215
1896,39089,0.432
1897,36047,0.388
1898,31073,0.335
1899,36055,0.538
1900,35045,0.594
1901,37059,0.402
1902,37043,0.263
1903,31135,0.33
1904,31093,0.394
1905,31161,0.26
1906,31059,0.384
1907,37091,0.203
1908,31071,0.253
1909,32029,0.127
1910,37093,0.209
1911,37019,0.475
1912,31145,0.277
1913,36041,0.741
1914,31075,0.126
1915,37161,0.278
1916,37039,0.36
1917,36009,0.417
1918,31177,0.451
1919,35051,0.387
1920,37079,0.29
1921,31021,0.489
1922,35021,0.295
1923,31111,0.228
1924,31045,0.287
1925,37089,0.418
1926,33007,0.449
1927,37101,0.354
1928,35029,0.419
1929,36065,0.483
1930,37085,0.273
1931,35013,0.396
1932,31119,0.367
1933,31035,0.354
1934,37109,0.33
1935,39055,0.498
1936,36091,0.595
1937,37015,0.328
1938,37031,0.32
1939,32021,0.441
1940,36069,0.547
1941,31129,0.415
1942,33001,0.395
1943,31009,0.19
1944,34035,0.512
1945,32017,0.288
1946,31099,0.429
1947,34027,0.613
1948,32003,0.379
1949,37013,0.43
1950,36001,0.559
1951,31151,0.34
1952,35037,0.243
1953,35031,0.661
1954,37061,0.276
1955,32015,0.307
1956,39045,0.437
1957,35001,0.407
1958,36013,0.444
1959,31077,0.377
1960,31079,0.369
1961,34007,0.489
1962,32019,0.271
1963,35041,0.193
1964,37069,0.319
1965,36103,0.491
1966,34013,0.432
1967,36023,0.462
1968,31175,0.281
1969,31101,0.272
1970,31007,0.202
1971,37087,0.405
1972,34037,0.459
1973,37065,0.312
1974,36063,0.465
1975,36105,0.41
1976,36043,0.44
1977,36095,0.388
1978,30099,0.331
1979,55047,0.446
1980,32005,0.402
1981,35003,0.221
1982,37021,0.476
1983,36039,0.436
1984,36015,0.457
1985,35061,0.331
1986,37009,0.38
1987,37045,0.322
1988,39085,0.477
1989,39001,0.255
1990,38011,0.339
1991,39029,0.388
1992,38091,0.441
1993,38081,0.526
1994,37025,0.346
1995,38013,0.351
1996,53029,0.435
1997,36011,0.455
1998,51091,0.49
1999,35011,0.305
2000,38063,0.643
2001,38061,0.328
2002,37063,0.512
2003,51061,0.282
2004,39019,0.354
2005,38017,0.514
2006,37183,0.513
2007,35025,0.192
2008,39043,0.467
2009,39053,0.382
2010,31171,0.193
2011,37103,0.36
2012,38021,0.494
2013,39071,0.295
2014,37199,0.373
2015,40127,0.266
2016,35057,0.283
2017,39009,0.39
2018,37007,0.188
2019,37191,0.345
2020,37027,0.346
2021,36101,0.453
2022,37193,0.298
2023,38065,0.236
2024,39033,0.375
2025,35006,0.503
2026,56035,0.266
2027,39087,0.34
2028,37001,0.416
2029,39077,0.357
2030,55027,0.384
2031,36115,0.456
2032,38045,0.46
2033,39065,0.314
2034,37095,0.503
2035,38055,0.401
2036,38027,0.502
2037,38039,0.462
2038,37179,0.366
2039,38103,0.383
2040,39073,0.383
2041,31107,0.431
2042,39031,0.319
2043,55041,0.494
2044,37113,0.293
2045,38037,0.158
2046,37153,0.353
2047,37083,0.382
2048,37097,0.338
2049,54105,0.008
2050,53077,0.441
2051,37141,0.366
2052,55007,0.701
2053,36093,0.517
2054,35059,0.15
2055,36121,0.377
2056,55111,0.481
2057,38031,0.495
2058,36029,0.494
2059,36087,0.48
2060,39041,0.615
2061,37023,0.327
2062,36007,0.487
2063,38053,0.168
2064,51197,0.176
2065,37197,0.361
2066,38079,0.607
2067,39091,0.348
2068,38035,0.476
2069,37077,0.427
2070,55055,0.421
2071,35035,0.344
2072,38029,0.283
2073,38101,0.377
2074,37175,0.429
2075,39083,0.358
2076,37171,0.384
2077,37173,0.438
2078,39075,0.167
2079,31149,0.308
2080,39097,0.39
2081,55105,0.492
2082,37049,0.431
2083,41047,0.395
2084,39069,0.448
2085,55017,0.476
2086,38095,0.443
2087,37029,0.297
2088,39011,0.36
2089,37181,0.312
2090,36059,0.545
2091,37057,0.321
2092,38005,0.352
2093,55073,0.435
2094,36111,0.523
2095,39101,0.375
2096,36051,0.437
2097,55133,0.539
2098,38041,0.367
2099,38083,0.328
2100,39021,0.368
2101,55079,0.474
2102,35005,0.278
2103,39013,0.359
2104,38033,0.252
2105,38057,0.343
2106,34005,0.55
2107,37003,0.336
2108,38009,0.467
2109,37033,0.371
2110,38099,0.466
2111,36085,0.447
2112,55107,0.316
2113,39059,0.377
2114,36053,0.471
2115,35015,0.253
2116,36025,0.41
2117,37123,0.305
2118,31085,0.16
2119,38105,0.222
2120,39051,0.43
2121,37125,0.47
2122,39099,0.444
2123,37135,0.587
2124,55045,0.538
2125,31147,0.445
2126,37167,0.165
2127,37011,0.389
2128,39037,0.331
2129,38007,0.162
2130,39003,0.356
2131,37145,0.391
2132,38069,0.422
2133,40153,0.303
2134,41013,0.342
2135,40029,0.32
2136,38051,0.365
2137,41005,0.412
2138,41007,0.42
2139,39061,0.482
2140,39119,0.415
2141,41043,0.363
2142,40143,0.441
2143,37137,0.438
2144,38093,0.437
2145,46041,0.642
2146,41035,0.364
2147,40009,0.327
2148,39093,0.461
2149,39049,0.469
2150,42125,0.451
2151,42023,0.487
2152,37157,0.338
2153,39135,0.343
2154,40059,0.39
2155,40077,0.268
2156,39153,0.466
2157,45085,0.323
2158,40085,0.327
2159,39123,0.481
2160,45007,0.302
2161,42107,0.411
2162,39063,0.406
2163,40047,0.349
2164,37073,0.319
2165,45063,0.369
2166,39133,0.419
2167,41017,0.479
2168,40109,0.463
2169,36099,0.418
2170,38075,0.332
2171,39141,0.403
2172,38019,0.573
2173,39147,0.391
2174,38001,0.441
2175,41041,0.519
2176,46037,0.474
2177,39107,0.349
2178,38073,0.531
2179,45059,0.285
2180,41029,0.362
2181,45081,0.214
2182,40037,0.307
2183,39137,0.447
2184,40045,0.295
2185,37129,0.453
2186,46011,0.33
2187,39015,0.294
2188,40055,0.29
2189,45037,0.39
2190,42069,0.525
2191,41055,0.405
2192,35028,0.558
2193,35007,0.32
2194,39067,0.359
2195,37163,0.342
2196,40019,0.33
2197,36037,0.437
2198,38089,0.303
2199,37143,0.183
2200,42021,0.428
2201,41021,0.335
2202,37147,0.398
2203,42087,0.374
2204,40063,0.329
2205,40027,0.386
2206,39129,0.377
2207,46023,0.458
2208,40071,0.336
2209,40051,0.281
2210,39103,0.501
2211,40131,0.34
2212,37127,0.375
2213,37187,0.329
2214,41027,0.631
2215,45071,0.356
2216,40057,0.376
2217,40069,0.318
2218,40149,0.3
2219,39155,0.421
2220,40111,0.313
2221,42015,0.318
2222,38043,0.275
2223,39145,0.376
2224,39039,0.416
2225,40121,0.338
2226,38077,0.458
2227,40067,0.35
2228,42029,0.467
2229,42037,0.432
2230,37155,0.246
2231,45053,0.206
2232,42121,0.333
2233,42005,0.437
2234,37055,0.61
2235,39157,0.352
2236,40023,0.247
2237,41009,0.35
2238,40099,0.359
2239,36123,0.448
2240,36071,0.461
2241,46039,0.334
2242,41019,0.369
2243,40135,0.283
2244,38047,0.301
2245,37117,0.775
2246,46045,0.304
2247,41057,0.431
2248,42119,0.395
2249,40079,0.293
2250,37165,0.339
2251,40097,0.303
2252,37149,0.341
2253,40041,0.249
2254,38085,0.365
2255,40001,0.237
2256,39079,0.382
2257,40039,0.372
2258,39047,0.339
2259,38059,0.363
2260,39151,0.411
2261,41067,0.431
2262,37189,0.405
2263,40103,0.454
2264,40081,0.292
2265,40031,0.361
2266,39113,0.448
2267,38071,0.517
2268,39057,0.509
2269,41003,0.52
2270,46003,0.413
2271,39169,0.356
2272,40035,0.409
2273,40087,0.392
2274,39111,0.392
2275,41001,0.637
2276,46025,0.456
2277,46033,0.308
2278,42065,0.412
2279,40053,0.334
2280,42039,0.394
2281,40125,0.346
2282,39005,0.289
2283,42083,0.279
2284,39117,0.335
2285,41061,0.346
2286,42081,0.382
2287,42099,0.304
2288,39125,0.374
2289,40007,0.256
2290,39105,0.355
2291,41045,0.335
2292,40043,0.241
2293,45083,0.287
2294,45047,0.389
2295,45091,0.283
2296,40123,0.403
2297,42063,0.335
2298,41039,0.448
2299,42075,0.382
2300,41037,0.309
2301,45087,0.276
2302,40113,0.223
2303,42073,0.36
2304,40105,0.277
2305,47051,0.265
2306,45041,0.39
2307,40091,0.43
2308,42025,0.416
2309,42077,0.46
2310,40065,0.394
2311,45069,0.292
2312,39127,0.327
2313,47187,0.487
2314,42101,0.392
2315,42031,0.355
2316,41033,0.35
2317,42109,0.316
2318,39175,0.407
2319,42027,0.416
2320,40119,0.333
2321,42097,0.416
2322,45027,0.327
2323,46021,0.263
2324,44007,0.446
2325,42131,0.401
2326,40021,0.325
2327,40095,0.335
2328,42007,0.301
2329,39173,0.519
2330,41071,0.401
2331,42003,0.478
2332,46035,0.388
2333,42045,0.474
2334,40139,0.292
2335,41065,0.447
2336,45067,0.341
2337,45051,0.403
2338,42019,0.476
2339,46013,0.497
2340,40003,0.407
2341,42035,0.329
2342,41053,0.43
2343,40115,0.249
2344,41015,0.359
2345,42043,0.377
2346,41049,0.415
2347,42133,0.403
2348,46093,0.377
2349,42105,0.226
2350,40145,0.346
2351,42041,0.413
2352,40129,0.299
2353,40015,0.5
2354,46005,0.375
2355,39163,0.311
2356,42117,0.31
2357,45043,0.416
2358,39139,0.354
2359,45033,0.32
2360,39149,0.308
2361,40075,0.437
2362,42017,0.461
2363,42055,0.342
2364,45023,0.298
2365,41069,0.483
2366,46031,0.292
2367,42129,0.422
2368,45055,0.339
2369,46057,0.327
2370,41025,0.354
2371,42049,0.455
2372,39171,0.388
2373,46029,0.364
2374,45073,0.355
2375,45061,0.281
2376,40013,0.289
2377,42111,0.362
2378,40025,0.239
2379,41023,0.375
2380,39159,0.49
2381,45045,0.389
2382,39143,0.438
2383,45077,0.335
2384,40005,0.282
2385,40137,0.367
2386,42009,0.275
2387,45001,0.315
2388,39115,0.352
2389,45089,0.398
2390,45021,0.221
2391,42071,0.441
2392,41011,0.392
2393,40151,0.323
2394,41051,0.479
2395,40049,0.375
2396,41063,0.474
2397,40017,0.428
2398,40107,0.375
2399,45065,0.482
2400,46055,0.262
2401,40033,0.34
2402,46043,0.365
2403,40073,0.337
2404,45005,0.31
2405,40141,0.364
2406,42079,0.433
2407,39121,0.344
2408,46053,0.399
2409,40011,0.364
2410,45049,0.418
2411,42057,0.241
2412,40089,0.241
2413,45075,0.361
2414,46007,0.403
2415,40117,0.368
2416,40093,0.4
2417,46049,0.477
2418,44005,0.529
2419,45039,0.357
2420,44009,0.532
2421,42061,0.362
2422,42047,0.485
2423,42103,0.332
2424,46073,0.426
2425,47073,0.312
2426,46115,0.361
2427,45011,0.322
2428,47157,0.331
2429,47035,0.356
2430,46027,0.521
2431,47147,0.33
2432,47137,0.362
2433,47055,0.256
2434,46009,0.464
2435,42001,0.355
2436,47049,0.239
2437,46063,0.145
2438,46083,0.408
2439,48015,
2440,47143,0.305
2441,48017,
2442,46069,0.401
2443,47127,0.158
2444,47119,0.42
2445,47159,0.224
2446,47015,0.201
2447,47017,0.329
2448,46127,0.445
2449,47185,0.315
2450,46121,0.451
2451,47093,0.412
2452,42059,0.362
2453,46067,0.394
2454,40083,0.243
2455,47041,0.276
2456,47013,0.296
2457,46102,0.462
2458,47177,0.279
2459,42033,0.385
2460,47125,0.345
2461,47097,0.241
2462,39161,0.229
2463,47037,0.414
2464,48023,
2465,47033,0.324
2466,46019,0.251
2467,47001,0.394
2468,47169,0.255
2469,48009,
2470,47151,0.277
2471,46111,0.414
2472,47163,0.408
2473,42051,0.448
2474,47115,0.285
2475,42123,0.329
2476,47027,0.225
2477,47107,0.263
2478,47171,0.401
2479,47059,0.34
2480,42085,0.401
2481,46015,0.344
2482,45015,0.277
2483,46087,0.43
2484,47063,0.289
2485,46085,0.477
2486,42089,0.357
2487,42013,0.38
2488,46047,0.41
2489,47069,0.287
2490,46105,0.221
2491,42011,0.355
2492,47071,0.302
2493,42095,0.428
2494,46117,0.551
2495,47175,0.395
2496,48013,
2497,47111,0.215
2498,46101,0.431
2499,47003,0.251
2500,46129,0.304
2501,47161,0.284
2502,47075,0.321
2503,47149,0.299
2504,47047,0.344
2505,46061,0.321
2506,46089,0.1
2507,48007,
2508,40061,0.322
2509,46109,0.487
2510,45009,0.305
2511,47039,0.281
2512,47123,0.302
2513,47085,0.275
2514,47155,0.299
2515,48005,
2516,42053,0.59
2517,46081,0.343
2518,48019,
2519,46091,0.481
2520,45025,0.265
2521,47095,0.215
2522,40147,0.308
2523,45057,0.271
2524,47139,0.305
2525,48011,
2526,42113,0.323
2527,46017,0.436
2528,47135,0.293
2529,42127,0.427
2530,46137,0.217
2531,47113,0.386
2532,48027,
2533,39131,0.356
2534,45029,0.285
2535,47045,0.252
2536,47007,0.188
2537,47011,0.26
2538,45013,0.445
2539,45031,0.354
2540,47005,0.321
2541,47173,0.245
2542,46107,0.434
2543,46095,0.301
2544,42093,0.624
2545,46077,0.583
2546,47145,0.315
2547,47121,0.456
2548,48029,
2549,46119,0.284
2550,48463,
2551,48307,
2552,46135,0.554
2553,48173,
2554,47065,0.389
2555,47167,0.24
2556,48327,
2557,44001,0.548
2558,47117,0.28
2559,39109,0.395
2560,48001,
2561,42067,0.309
2562,47165,0.307
2563,46059,0.364
2564,48003,
2565,47061,0.184
2566,47141,0.366
2567,47133,0.27
2568,45035,0.323
2569,46103,0.343
2570,46125,0.356
2571,46123,0.297
2572,48095,
2573,48387,
2574,46099,0.521
2575,48021,
2576,47179,0.431
2577,48287,
2578,47081,0.279
2579,46071,0.331
2580,48253,
2581,48281,
2582,48331,
2583,48129,
2584,47023,0.26
2585,48335,
2586,48081,
2587,48045,
2588,51031,0.135
2589,48265,
2590,49035,0.379
2591,48319,
2592,47103,0.277
2593,48159,
2594,48025,
2595,48313,
2596,48221,
2597,48225,
2598,47083,0.28
2599,46075,0.442
2600,48063,
2601,47091,0.281
2602,48381,
2603,47029,0.37
2604,48047,
2605,48149,
2606,51011,0.016
2607,47129,0.358
2608,48077,
2609,48329,
2610,48113,
2611,48053,
2612,48181,
2613,47019,0.292
2614,48431,
2615,48399,
2616,48151,
2617,48097,
2618,48117,
2619,47009,0.362
2620,47109,0.345
2621,47053,0.3
2622,48093,
2623,48073,
2624,48241,
2625,47153,0.189
2626,49011,0.384
2627,47189,0.35
2628,48071,
2629,51023,0.155
2630,50015,0.394
2631,47089,0.336
2632,48271,
2633,47099,0.251
2634,48263,
2635,48105,
2636,48031,
2637,48137,
2638,48065,
2639,48215,
2640,48243,
2641,47131,0.262
2642,47077,0.298
2643,48251,
2644,48433,
2645,48059,
2646,48051,
2647,48233,
2648,48183,
2649,48201,
2650,48255,
2651,47043,0.305
2652,48185,
2653,47181,0.305
2654,48079,
2655,48229,
2656,48169,
2657,48223,
2658,48237,
2659,47183,0.244
2660,48369,
2661,49045,0.293
2662,48055,
2663,48115,
2664,47067,0.251
2665,48269,
2666,46097,0.492
2667,47079,0.343
2668,48171,
2669,48085,
2670,50021,0.485
2671,48209,
2672,48277,
2673,48273,
2674,47021,0.32
2675,47101,0.253
2676,48067,
2677,48267,
2678,48317,
2679,47031,0.299
2680,47025,0.335
2681,49053,0.3
2682,48289,
2683,48227,
2684,49019,0.345
2685,48249,
2686,47057,0.353
2687,48199,
2688,46065,0.487
2689,48247,
2690,47087,0.24
2691,48035,
2692,47105,0.474
2693,50017,0.353
2694,48261,
2695,48037,
2696,48043,
2697,48161,
2698,48297,
2699,48041,
2700,48445,
2701,48301,
2702,48321,
2703,48311,
2704,48447,
2705,48213,
2706,48347,
2707,48395,
2708,48165,
2709,48385,
2710,51025,0.251
2711,48363,
2712,49013,0.303
2713,49055,0.44
2714,48259,
2715,48039,
2716,51017,0.14
2717,48107,
2718,48153,
2719,46079,0.365
2720,48393,
2721,48121,
2722,48125,
2723,48155,
2724,48349,
2725,51820,0.006
2726,48503,
2727,48195,
2728,48379,
2729,48075,
2730,54069,0.053
2731,51109,0.026
2732,48315,
2733,48469,
2734,48383,
2735,48123,
2736,51133,0.208
2737,48435,
2738,48057,
2739,51001,0.462
2740,48323,
2741,48389,
2742,50011,0.24
2743,55039,0.414
2744,51101,0.255
2745,49041,0.317
2746,49023,0.274
2747,48457,
2748,48033,
2749,48391,
2750,48475,
2751,48461,
2752,48303,
2753,48345,
2754,49051,0.347
2755,48147,
2756,51037,0.087
2757,54061,0.138
2758,48481,
2759,49033,0.365
2760,48415,
2761,49007,0.296
2762,48139,
2763,51059,0.397
2764,51163,0.12
2765,48477,
2766,53005,0.395
2767,48069,
2768,48257,
2769,48467,
2770,56041,0.349
2771,49009,0.417
2772,48187,
2773,48505,
2774,48291,
2775,51051,0.28
2776,48397,
2777,48443,
2778,51107,0.36
2779,51021,0.065
2780,48299,
2781,51009,0.246
2782,48197,
2783,51073,0.412
2784,49015,0.304
2785,48373,
2786,49031,0.278
2787,48413,
2788,48497,
2789,51199,0.356
2790,48471,
2791,51700,0.246
2792,51105,0.329
2793,48091,
2794,48465,
2795,51027,0.276
2796,48177,
2797,48235,
2798,50001,0.449
2799,49037,0.381
2800,48111,
2801,48367,
2802,51003,0.187
2803,48491,
2804,48239,
2805,48189,
2806,48409,
2807,51173,0.238
2808,48343,
2809,48341,
2810,53065,0.26
2811,48419,
2812,48157,
2813,48495,
2814,50009,0.253
2815,48361,
2816,50027,0.356
2817,51099,0.104
2818,48357,
2819,51047,0.094
2820,48449,
2821,51137,0.047
2822,48483,
2823,51036,0.028
2824,48101,
2825,48083,
2826,48305,
2827,49017,0.376
2828,48103,
2829,48205,
2830,48353,
2831,48207,
2832,48501,
2833,49029,0.373
2834,48375,
2835,48167,
2836,48425,
2837,55129,0.536
2838,55085,0.531
2839,48295,
2840,48473,
2841,48451,
2842,51520,0.427
2843,48493,
2844,49025,0.371
2845,49043,0.54
2846,48309,
2847,48219,
2848,51015,0.206
2849,51029,0.073
2850,48245,
2851,48401,
2852,48429,
2853,48485,
2854,53001,0.394
2855,50019,0.377
2856,53011,0.404
2857,48355,
2858,53069,0.401
2859,51033,0.086
2860,51157,0.205
2861,54039,0.279
2862,48439,
2863,48407,
2864,48507,
2865,51147,0.023
2866,51045,0.015
2867,51179,0.267
2868,51650,0.297
2869,48141,
2870,54003,0.259
2871,54021,0.373
2872,54085,0.188
2873,48359,
2874,51735,
2875,51740,0.62
2876,51135,0.13
2877,53073,0.486
2878,51069,0.144
2879,51139,0.093
2880,51167,0.267
2881,53017,0.461
2882,51093,0.133
2883,54007,0.104
2884,51007,0.017
2885,53063,0.402
2886,48377,
2887,48459,
2888,51169,0.288
2889,50003,0.301
2890,51127,0.192
2891,51057,0.114
2892,51145,0.018
2893,50023,0.309
2894,51081,0.04
2895,49039,0.252
2896,53061,0.437
2897,51191,0.335
2898,53019,0.34
2899,51750,0.054
2900,49027,0.33
2901,48231,
2902,48365,
2903,49057,0.339
2904,51159,0.077
2905,48411,
2906,51610,0.052
2907,53039,0.387
2908,55101,0.452
2909,51775,0.051
2910,50005,0.236
2911,48133,
2912,51181,0.286
2913,51660,0.032
2914,51570,0.007
2915,51065,0.328
2916,54005,0.303
2917,53035,0.423
2918,48333,
2919,51683,0.02
2920,51079,0.02
2921,49021,0.271
2922,49005,0.343
2923,51193,0.121
2924,54011,0.184
2925,51049,0.053
2926,51097,0.228
2927,48351,
2928,53003,0.301
2929,51063,0.038
2930,53031,0.604
2931,53025,0.379
2932,51121,0.201
2933,51085,0.251
2934,53067,0.428
2935,49003,0.302
2936,51043,0.385
2937,51077,0.18
2938,51510,0.218
2939,51071,0.151
2940,55119,0.28
2941,51195,0.193
2942,51149,0.118
2943,49049,0.316
2944,53013,0.334
2945,53023,0.239
2946,54095,0.162
2947,48489,
2948,51680,0.005
2949,53049,0.415
2950,51131,0.451
2951,51177,0.094
2952,51103,0.318
2953,51005,0.03
2954,51580,
2955,51830,0.026
2956,51019,0.164
2957,51141,0.202
2958,55139,0.443
2959,54103,0.071
2960,51087,0.174
2961,48441,
2962,54031,0.221
2963,48487,
2964,48293,
2965,51620,
2966,51690,
2967,48417,
2968,48421,
2969,55013,0.45
2970,51155,0.154
2971,48371,
2972,51171,0.274
2973,54059,0.231
2974,48405,
2975,53055,0.568
2976,51590,0.001
2977,51111,0.292
2978,53059,0.283
2979,49047,0.269
2980,51095,0.06
2981,48211,
2982,51053,0.211
2983,48283,
2984,51165,0.113
2985,48061,
2986,56007,0.36
2987,51800,0.23
2988,51089,0.125
2989,53051,0.278
2990,53041,0.328
2991,50013,0.541
2992,56033,0.416
2993,51630,0.037
2994,54001,0.03
2995,51540,0.042
2996,53009,0.536
2997,51185,0.24
2998,55071,0.477
2999,56021,0.397
3000,54093,0.28
3001,54043,0.144
3002,55025,0.625
3003,53027,0.404
3004,55053,0.407
3005,48437,
3006,51595,
3007,51083,0.153
3008,51175,0.058
3009,55001,0.415
3010,55077,0.439
3011,54041,0.29
3012,51730,0.023
3013,55061,0.441
3014,51530,
3015,51770,0.063
3016,54013,0.103
3017,55059,0.456
3018,54107,0.321
3019,51840,0.023
3020,56025,0.34
3021,53057,0.472
3022,53007,0.543
3023,55123,0.489
3024,54025,0.322
3025,54037,0.265
3026,54067,0.302
3027,53015,0.398
3028,51678,
3029,53075,0.311
3030,56029,0.389
3031,55141,0.476
3032,55089,0.573
3033,51153,0.412
3034,55009,0.512
3035,54063,0.268
3036,56015,0.312
3037,56017,0.413
3038,54029,0.176
3039,54091,0.026
3040,54049,0.051
3041,55131,0.436
3042,54097,0.047
3043,51187,0.035
3044,54033,0.202
3045,55065,0.519
3046,51760,0.122
3047,56027,0.248
3048,55031,0.312
3049,54023,0.124
3050,51790,0.015
3051,55023,0.49
3052,55021,0.493
3053,55063,0.546
3054,51640,
3055,55043,0.465
3056,53037,0.372
3057,54079,0.128
3058,51119,0.443
3059,56009,0.266
3060,51113,0.356
3061,56019,0.368
3062,51161,0.017
3063,51125,0.211
3064,55091,0.424
3065,51183,0.089
3066,54087,0.026
3067,56005,0.212
3068,54057,0.316
3069,55011,0.426
3070,55005,0.442
3071,55137,0.349
3072,56043,0.342
3073,54081,0.189
3074,55037,0.402
3075,56003,0.288
3076,54045,0.289
3077,56001,0.396
3078,51810,0.298
3079,56045,0.287
3080,55051,0.497
3081,54017,0.021
3082,51075,0.329
3083,54073,0.058
3084,55049,0.543
3085,56023,0.31
3086,55029,0.661
3087,55099,0.459
3088,54051,0.081
3089,54065,0.014
3090,54089,0.117
3091,54053,0.223
3092,55019,0.304
3093,54027,0.183
3094,54015,0.188
3095,55035,0.512
3096,53043,0.373
3097,55135,0.406
3098,53071,0.458
3099,53047,0.538
3100,51067,0.195
3101,54077,0.318
3102,56037,0.318
3103,51550,0.096
3104,55069,0.425
3105,55081,0.439
3106,55125,0.516
3107,55067,0.41
3108,55033,0.381
3109,55093,0.338
3110,54047,0.197
3111,54055,0.349
3112,55095,0.398
3113,56011,0.224
3114,54099,0.291
3115,53033,0.497
3116,55117,0.475
3117,55075,0.404
3118,55003,0.562
3119,51720,
3120,51600,0.051
3121,54035,0.149
3122,54019,0.244
3123,56039,0.716
3124,53021,0.324
3125,54083,0.279
3126,51670,
3127,55113,0.486
3128,51710,0.312
3129,55078,0.61
3130,55097,0.439
3131,51115,0.419
3132,55127,0.387
3133,55115,0.426
3134,51117,0.096
3135,51685,0.009
3136,54071,0.338
3137,55109,0.356
3138,55121,0.547
3139,55087,0.474
3140,55103,0.497
3141,55083,0.433
